Title,Issue,CGC/CBCS Numeric Grade,Certification ID,Page Quality,Realized Sales Price,Auction House Tracking ID,Scan Date
Action Comics,102,9.8,Unknown,White,"$7,767.50",Heritage Auctions Lot 91014 (2012-05-11),2026-08-22
Action Comics,25,9.6,Unknown,White,"$43,020.00","Heritage Auctions Lot 91003 (Auction 7136, 2015-05-30)",2026-09-29
Action Comics,63,9.6,Unknown,Off-white to white,"$38,240.00","Heritage Auctions Lot 91009 (Auction 7136, 2015-05-30)",2026-09-06
Action Comics,71,9.6,Unknown,Unknown,Unknown,CGC Registry / CGC Forums Pedigree Thread,2026-09-27
Action Comics,76,9.6,Unknown,Unknown,Unknown,CGC Forums Pedigree Thread (Private Sale Record),2026-09-27
Action Comics,92,9.4,Unknown,Off-white to white,"$5,078.75","Heritage Auctions Lot 91002 (Auction 7097, 2014-08-09)",2026-09-21
Adventure Comics,36,9.6,Unknown,White,9261.25,"Heritage Auctions Lot 91010 (Auction 7021, 2010-05-22)",2026-09-10
Adventure Comics,40,9.2,Unknown,Off-white to white,"$63,250.00",Heritage Auctions (2004-02-07),2026-09-23
Adventure Comics,41,9.6,Unknown,Off-white to white,"$28,680.00",Heritage Auctions Lot 41017 (Auction 829) / Lot 91014 (Auction 7021),2026-09-24
Adventure Comics,48,8.5,Unknown,White,"$54,625.00","Heritage Auctions Lot 6877 (Auction 804, 2002-10-12)",2026-09-23
Adventure Comics,51,9.8,Unknown,White,Unknown,"Heritage Auctions Lot 91022 (Auction 7021, 2010-05-20)",2026-08-25
Adventure Comics,59,8.0,Unknown,Off-white to white,6572.5,"Heritage Auctions Lot 41031 (Auction 827, 2008-02-29)",2026-08-31
Adventure Comics,60,9.6,Unknown,White,14340,Heritage Auctions Lot 91019 (Auction 7059) / Lot 91029,2026-09-14
Adventure Comics,72,9.8,Unknown,White,27485,Heritage Auctions Lot 91019 (Auction 7013) / Lot 41041 (Auction 820),2026-09-14
Adventure Comics,89,9.6,Unknown,White,4200,"Heritage Auctions Lot 91004 (Auction 7189, 2018-08-04)",2026-08-31
Adventure Comics,96,9.8,Unknown,White,"$10,755.00",Heritage Auctions Lot 91018 / Lot 91022,2026-09-04
Adventures Into the Unknown,7,7.5,Unknown,Off-white to white,Unknown,"Heritage Auctions Lot 81005 (Auction 40364, 2026-05-21)",2026-09-04
Air Ace,V2#3,9.0,Unknown,Off-white to white,2196,"Heritage Auctions Lot 17021 (Auction 122630, 2026-07-28)",2026-08-30
Air Fighters Comics,3,9.6,912956002,Off-white to white,Unknown,CGC Chat Boards / Strand Registry Record,2026-09-22
All Humor Comics,1,9.0,Unknown,White,"$1,320.00","Heritage Auctions Lot 14277 (Auction 121825, 2018-06-24)",2026-08-19
All Star Comics,12,9.4,Unknown,White,"$11,400.00","Heritage Auctions Lot 92135 (Auction 7236, 2020-11-22)",2026-09-19
All Star Comics,3,9.6,Unknown,Off-white to white,"$126,500.00","Heritage Auctions Lot 5082 (Auction 804, 2002-10-12)",2026-09-23
All Star Comics,5,9.4,Unknown,White,"$13,145.00",Heritage Auctions Lot 91014/91016,2026-08-22
All Top Comics,8,9.4,Unknown,White,15600,"Heritage Auctions Lot 93026 (Auction 7427, 2025-11-22)",2026-09-13
All-New Comics,2,9.4,754611004,Off-white to white,Unknown,CGC Chat Boards / Strand Registry Record,2026-09-22
All-New Comics,4,9.4,56418004,Off-white to white,Unknown,CGC Chat Boards / Strand Registry Record,2026-09-22
All-New Comics,5,9.4,Unknown,White,Unknown,Heritage Auctions (Issue Index Record / Pedigree Provenance),2026-09-26
All-Star Comics,3,9.6,Unknown,Off-white to white,"$17,250.00","Heritage Auctions Lot 5082 (Auction 804, 2002-10-12)",2026-09-29
All-Star Comics,30,9.6,Unknown,White,Unknown,"Heritage Auctions Lot 5084 (Auction 804, 2002-10-12)",2026-09-30
Alley Oop,13,9.4,Unknown,Off-white,$657.25,Heritage Auctions Lot 93014 (Auction 7136),2026-09-26
Alley Oop,17,9.6,Unknown,White,"$1,015.75",Heritage Auctions Lot 41051 (Auction 822),2026-09-26
Amazing-Man Comics,5,9.4,Unknown,Off-white to white,"$56,762.50","Heritage Auctions Lot 91240 (Auction 7087, 2014-02-20)",2026-08-19
Andy Comics,20,9.4,Unknown,Off-white to white,"$1,140.00","Heritage Auctions Lot 81048 (Auction 40269, 2024-10-05)",2026-08-23
Big Shot Comics,84,9.6,Unknown,Off-white to white,Unknown,"Heritage Auctions Lot 17027 (Auction 122608, 2026-02-22)",2026-08-30
Black Cat Comics,7,9.6,Unknown,White,"$3,120.00","Heritage Auctions Lot 92033 (Auction 7192, 2018-11-17)",2026-09-19
Black Cat Comics,8,9.0,Unknown,Off-white to white,1050,"Heritage Auctions Lot 17245 (Auction 122130, 2021-07-26) / Lot 94050 (Auction 7187)",2026-09-30
Blue Bolt,V6#6,9.6,Unknown,White,$448.13,"Heritage Auctions Lot 11099 (Auction 121116, 2011-04-17)",2026-09-19
Blue Ribbon Comics,12,9.4,Unknown,White,8365,"Heritage Auctions Lot 91024 (Auction 7158, 2017-02-25)",2026-09-13
Blue Ribbon Comics,2,9.4,Unknown,White,Unknown,"Heritage Auctions Lot 91016 (Auction 7158, 2017-02-23)",2026-10-01
Blue Ribbon Comics,20,9.4,Unknown,White,Unknown,"Heritage Auctions Lot 91031 (Auction 7158, 2017-02-23)",2026-08-26
Bobby Gets Hep,nn,9.8,Unknown,White,Unknown,Heritage Auctions Lot 93111 (Auction 7054),2026-09-04
Bomber Comics,1,8.5,Unknown,White,956,"Heritage Auctions Lot 93327 (Auction 7104, 2015-02-21)",2026-09-03
Boy Comics,11,9.6,Unknown,Off-white to white,Unknown,"Heritage Auctions Lot 50118 (Auction 752, 2006-09-08)",2026-09-25
Boy Comics,14,9.4,1038706011,Off-white to white,Unknown,CGC Chat Boards / Strand Registry Record,2026-09-22
Boy Comics,15,8.5,915146004,Off-white to white,Unknown,CGC Chat Boards / Strand Registry Record,2026-09-23
Boy Comics,20,9.0,78121008,Off-white to white,Unknown,CGC Chat Boards / Strand Registry Record,2026-09-23
Boy Comics,24,9.4,931544003,Off-white to white,Unknown,CGC Chat Boards / Strand Registry Record,2026-09-23
Boy Comics,29,9.4,915149011,Off-white to white,Unknown,CGC Chat Boards / Strand Registry Record,2026-09-23
Boy Comics,30,9.4,1018590008,Off-white to white,"$2,800.00",MyComicShop Consignment / eBay (StrandEstate),2026-09-26
Boy Comics,31,9.4,915149008,Off-white to white,Unknown,CGC Chat Boards / Strand Registry Record,2026-09-23
Boy Comics,8,9.2,Unknown,Off-white to white,2868,Heritage Auctions Lot 91401 (Auction 7033) / Lot 91210 (Auction 830),2026-09-25
Buzzy,5,9.6,Unknown,Off-white to white,776.75,"Heritage Auctions Lot 94063 (Auction 7187, 2018-05-12)",2026-09-09
Captain Atom,1,7.5,Unknown,Off-white to white,186,"Heritage Auctions Lot 92105 (Auction 7423, 2025-09-13)",2026-09-09
Captain Battle Comics,1,9.2,Unknown,White,Unknown,"Heritage Auctions Lot 6659 (Auction 803, 2002-07-20)",2026-09-30
Captain Marvel Adventures,13,9.8,Unknown,White,Unknown,Goldin Auctions Lot 52 (Pop Culture Elite),2026-08-21
Cat-Man Comics,25,9.2,1199043001,Off-white to white,"$21,600.00","Heritage Auctions Lot 92051 (Auction 7239, 2021-01-14)",2026-08-19
Chamber of Chills,11,8.5,Unknown,White,Unknown,"Heritage Auctions Lot 14168 (Auction 121212, 2012-03-18)",2026-08-26
Comic Cavalcade,11,9.4,Unknown,Off-white to white,2629,Heritage Auctions Lot 91416 (Auction 7033 2011-05-06),2026-08-28
Comic Cavalcade,8,9.6,Unknown,White,4780,Heritage Auctions Lot 91098 (Auction 7059 2012-05-11),2026-08-28
Comics On Parade,12,8.5,Unknown,White,$418.25,"Heritage Auctions Lot 14123 (Auction 121129, 2011-07-17)",2026-09-22
Crack Comics,11,8.5,Unknown,White,"$1,860.00","Heritage Auctions Lot 93040 (Auction 7189, 2018-08-04)",2026-09-12
Crack Comics,14,9.8,Unknown,White,"$3,824.00","Heritage Auctions Lot 92081 (Auction 7187, 2018-05-12)",2026-09-05
Crack Comics,19,9.6,Unknown,White,"$3,585.00","Heritage Auctions Lot 91070 (Auction 7177, 2018-02-24)",2026-09-28
Crack Comics,20,9.6,Unknown,White,2868,Heritage Auctions Lot 91068 (Auction 7187),2026-08-27
Crack Comics,25,9.4,Unknown,Off-white to white,"$1,920.00","Heritage Auctions Lot 93041 (Auction 7189, 2018-08-04)",2026-08-29
Crack Comics,29,9.6,Unknown,White,"$1,560.00","Heritage Auctions Lot 14475 (Auction 122240, 2022-10-02)",2026-09-28
Crack Comics,30,9.6,Unknown,White,"$1,800.00","Heritage Auctions Lot 11309 (Auction 121848, 2018-12-02) / Lot 92084 (Auction 7187, 2018-05-12)",2026-09-07
Crime Does Not Pay,29,9.6,Unknown,White,Unknown,Heritage Auctions Strand Inventory Record / Stolen Registry,2026-09-25
Crime Does Not Pay,32,9.4,Unknown,White,Unknown,Heritage Auctions Strand Inventory Record / Stolen Registry,2026-09-25
Crime Does Not Pay,34,9.2,Unknown,Off-white to white,Unknown,Heritage Auctions Strand Inventory Record / Stolen Registry,2026-09-25
Crime Does Not Pay,50,9.6,0145589001,Off-white to white,"$2,600.00",MyComicShop Consignment / eBay (StrandEstate),2026-09-26
Criminals on the Run,V5#2,8.5,Unknown,Off-white to white,"$12,000.00","Heritage Auctions Lot 13034 (Auction 122333, 2023-08-15)",2026-08-24
Daredevil Comics,1,9.4,Unknown,White,"$50,400.00","Heritage Auctions Lot 91037 (Auction 7234, 2020-09-13)",2026-09-17
Daredevil Comics,7,8.0,720202001,Off-white to white,Unknown,CGC Chat Boards / Strand Registry Record,2026-09-22
Detective Comics,10,9.2,Unknown,Off-white to white,"$78,000.00","Heritage Auctions Lot 91094 (Auction 7394, 2024-10-26)",2026-09-29
Detective Comics,155,9.2,Unknown,Unknown,Unknown,CGC Forums Pedigree Thread (Private Collector Record),2026-09-27
Detective Comics,26,8.0,Unknown,White,"$7,767.50","Heritage Auctions Lot 91122 (Auction 816, 2005-05-13)",2026-09-29
Detective Comics,90,9.6,Unknown,Off-white to white,"$10,157.50",Heritage Auctions Lot 91075 (2012-11-17),2026-08-22
Detective Comics,99,9.8,Unknown,White,Unknown,"Heritage Auctions Lot 5797 (Auction 807, 2003-07-20)",2026-09-01
Detective Picture Stories,3,7.0,Unknown,White,2629,"Heritage Auctions Lot 91014 (Auction 7039, 2011-11-17)",2026-09-08
Dick Cole,8,9.6,Unknown,Off-white to white,$466.05,"Heritage Auctions Lot 93344 (Auction 7104, 2015-02-21)",2026-09-02
Doll Man Quarterly,10,9.6,Unknown,Off-white to white,2160,"Heritage Auctions Lot 94066 (Auction 7341, 2023-09-17)",2026-09-25
Doll Man Quarterly,8,9.2,Unknown,White,Unknown,"Heritage Auctions Lot 50246 (Auction 752, 2006-09-08)",2026-09-25
Exciting Comics,26,9.6,Unknown,Off-white to white,Unknown,CGC Chat Boards / Strand Registry Record,2026-09-23
Exciting Comics,37,9.2,Unknown,White,"$7,500.00","Heritage Auctions Lot 91080 (Auction 7423, 2025-09-13)",2026-09-15
Fairy Tale Parade,1,9.2,Unknown,Off-white to white,"$2,629.00","Heritage Auctions Lot 92084 (Auction 7469) / Lot 91434 (Auction 7033, 2011-05-06)",2026-09-17
Famous Funnies,53,7.5,Unknown,White,$488.00,"Heritage Auctions Lot 11063 (Auction 122605, 2026-02-03)",2026-09-16
Famous Gangsters,3,8.5,Unknown,Off-white to white,$529.00,"Heritage Auctions Lot 31420 (Auction 12081, 2002-05-25)",2026-09-20
Famous Stars,1,9.4,Unknown,Off-white to white,1320,"Heritage Auctions Lot 96148 (Auction 7033, 2011-05-06)",2026-09-30
Feature Comics,136,9.6,Unknown,Off-white,720,"Heritage Auctions Lot 11275 (Auction 122109, 2021-03-01)",2026-09-12
Feature Comics,58,9.2,Unknown,Off-white to white,"$1,140.00","Heritage Auctions Lot 96136 (Auction 7236, 2020-11-22)",2026-09-06
Feature Comics,74,9.6,Unknown,Off-white to white,$960.00,"Heritage Auctions Lot 94564 (Auction 7209, 2019-05-18)",2026-09-05
Feature Comics,75,9.4,Unknown,White,$600.00,"Heritage Auctions Lot 11517 (Auction 121914, 2019-04-07)",2026-09-19
Flash Comics,104,9.4,Unknown,White,"$31,070.00",Heritage Auctions (2010),2026-09-10
Flash Comics,14,9.6,Unknown,Off-white to white,"$15,535.00","Heritage Auctions Lot 91108 (Auction 7136, 2015-05-30)",2026-09-18
Flash Comics,18,9.4,Unknown,Off-white to white,"$15,535.00","Heritage Auctions Lot 91440 (Auction 7033, 2011-05-06)",2026-09-19
Flash Comics,2,9.4,Unknown,White,40331,"Heritage Auctions Lot 91071 (Auction 7027, 2010-11-18)",2026-09-23
Flash Comics,22,9.4,Unknown,White,5975,"Heritage Auctions Lot 91041 (Auction 7079, 2013-08-01)",2026-09-09
Flash Comics,32,7.5,Unknown,White,"$1,912.00","Heritage Auctions Lot 91166 (Auction 7017, 2010-02-27)",2026-09-29
Flash Comics,40,9.4,Unknown,White,6273.75,"Heritage Auctions Lot 91085 (Auction 7023, 2010-08-07)",2026-08-31
Flash Comics,6,9.6,Unknown,White,"$35,850.00","Heritage Auctions Lot 91075 (Auction 7027, 2010-11-19)",2026-09-07
Flash Comics,62,9.8,Unknown,White,6871.25,"Heritage Auctions Lot 91143 (Auction 7021, 2010-05-22)",2026-09-23
Flash Comics,98,9.6,Unknown,White,8365,"Heritage Auctions Lot 91449 (Auction 7033, 2011-05-06)",2026-09-23
Four Color,119,9.4,Unknown,White,"$2,390.00","Heritage Auctions Lot 92130 (Auction 7187, 2018-05-10)",2026-09-04
Four Color,15,9.6,Unknown,White,Unknown,"Heritage Auctions (Auction 7087, 2014-02-22)",2026-09-30
Four Color,16,9.4,Unknown,White,Unknown,"Heritage Auctions Lot 91091 (Auction 7469, 2026-09-24)",2026-09-15
Four Color,174,9.8,Unknown,White,"$1,708.00","Heritage Auctions Lot 11124 (Auction 122609, 2026-03-03)",2026-09-18
Four Color,22,9.2,Unknown,White,3904,"Heritage Auctions Lot 93083 (Auction 7461, 2026-02-28)",2026-09-18
Four Color,270,9.0,Unknown,White,228,"Heritage Auctions Lot 11126 (Auction 122327, 2023-07-04)",2026-08-30
Four Color,33,7.0,Unknown,White,Unknown,"Heritage Auctions Lot 92103 (Auction 7469, 2026-09-26)",2026-09-16
Funny Pages,41,9.4,0010866031,White,Unknown,MyComicShop Consignment / eBay (StrandEstate),2026-09-26
Gabby Hayes Western,1,9.4,Unknown,White,$504.00,"Heritage Auctions Lot 94074 (Auction 7244, 2021-06-19)",2026-09-02
Gang Busters,2,9.6,Unknown,Off-white to white,"$1,553.50","Heritage Auctions Lot 93101 (Auction 7136, 2015-05-30) / Lot 92111 (Auction 7469)",2026-10-01
Gay Comics,19,9.4,Unknown,White,"$1,553.50","Heritage Auctions Lot 91087 (Auction 7147, 2015-08-29)",2026-08-29
Green Lama,4,9.4,Unknown,Off-white to white,Unknown,Heritage Auctions Lot 91094 (Auction 7097 2014-08-07),2026-08-28
Green Lantern,12,9.6,Unknown,White,14340,Heritage Auctions Lot 91462 (Auction 7033) / Lot 44238 (Auction 825),2026-09-25
Green Lantern,33,8.5,Unknown,White,"$2,390.00","Heritage Auctions Lot 91244 (Auction 830, 2008-11-15)",2026-09-21
Green Lantern,4,9.2,Unknown,White,7170,"Heritage Auctions Lot 92036 (Auction 7104, 2015-02-21)",2026-09-22
Headline Comics,16,9.4,Unknown,White,1434,Heritage Auctions Lot 93056 (Auction 7097 Lot 91100),2026-08-21
Hedy De Vine Comics,28,9.6,Unknown,Off-white to white,"$5,258.00","Heritage Auctions Lot 92155 (Auction 7187, 2018-05-12)",2026-09-05
Heroic Comics,14,7.0,Unknown,White,448.13,"Heritage Auctions Lot 10282 (Auction 121233, 2012-08-12)",2026-09-09
Hit Comics,10,9.6,Unknown,White,19120,"Heritage Auctions Lot 91068 (Auction 7158, 2017-02-25)",2026-09-10
Hit Comics,13,9.6,Unknown,White,Unknown,"Heritage Auctions Lot 91103 (Auction 7423, 2025-09-13)",2026-08-26
Hit Comics,14,9.4,Unknown,White,12000,"Heritage Auctions Lot 91104 (Auction 7423, 2025-09-13)",2026-09-11
Hit Comics,18,9.6,Unknown,White,"$15,600.00","Heritage Auctions Lot 91105 (Auction 7423, 2025-09-11)",2026-08-20
Hit Comics,19,9.6,Unknown,White,"$5,280.00","Heritage Auctions Lot 91106 (Auction 7423, 2025-09-13)",2026-09-12
Hit Comics,26,9.4,1293437009,White,"$7,800.00","Heritage Auctions Lot 91111 (Auction 7423, 2025-09-13) / Lot 91083",2026-09-03
Hit Comics,5,9.6,Unknown,White,90000,"Heritage Auctions Lot 91009 (Auction 7423, 2025-09-11)",2026-09-15
Indian Braves,1,9.2,Unknown,White,840,"Heritage Auctions Lot 13579 (Auction 121837, 2018-09-16)",2026-09-08
Inside Crime,3,9.2,Unknown,Off-white to white,1075.5,"Heritage Auctions Lot 94637 (Auction 7063, 2012-07-28)",2026-09-25
Joker Comics,27,9.4,Unknown,Off-white to white,Unknown,"Heritage Auctions Lot 5055 (Auction 805, 2002-12-12)",2026-10-01
Jungle Comics,86,9.0,Unknown,Unknown,Unknown,Heritage Auctions Lot 17300 (Auction 16102),2026-09-27
Junie Prom,5,9.4,Unknown,Unknown,Unknown,MySlabbedComics Pedigree Registry (pid=22),2026-09-27
Justice Comics,17,8.5,Unknown,Off-white to white,Unknown,"Heritage Auctions Lot 11460 (Auction 121918, 2019-05-05)",2026-10-01
Justice Comics,5,9.4,Unknown,Off-white to white,$552.00,Heritage Auctions Lot 96204 (2019-11-24),2026-08-22
KO Komics,1,8.0,Unknown,White,"$2,520.00","Heritage Auctions Lot 94104 (Auction 7358, 2024-01-13)",2026-08-23
King of the Royal Mounted,22,9.6,Unknown,White,$113.53,"Heritage Auctions Lot 11297 (Auction 18061, 2008-06-01)",2026-09-20
Leading Comics,13,9.2,Unknown,White,2880,Heritage Auctions Lot 95249 (Auction 7211) / Lot 92112,2026-09-14
Leading Comics,7,9.6,Unknown,White,2987.5,"Heritage Auctions Lot 43131 (Auction 818, 2005-10-14)",2026-08-25
Liberty Scouts Comics,2,8.5,Unknown,White,Unknown,"Heritage Auctions Lot 92162 (Auction 7469, 2026-09-26)",2026-09-12
Liberty Scouts Comics,3,8.0,Unknown,White,"$1,725.00","Heritage Auctions Lot 6446 (Auction 804, 2002-10-11)",2026-08-19
Lone Ranger,31,9.4,Unknown,White,1560,"Heritage Auctions Lot 11562 (Auction 122227, 2022-07-04)",2026-09-23
Lone Ranger,8,9.2,Unknown,White,780,"Heritage Auctions (Auction 122509, 2025-03-08)",2026-09-22
Love at First Sight,15,9.0,Unknown,White,Unknown,"Heritage Auctions Lot 11607 (Auction 122245, 2022-11-06)",2026-10-01
Magic Comics,20,9.6,Unknown,Off-white to white,1195,"Heritage Auctions Lot 91255 (Auction 830, 2008-11-15) / Lot 91267 (Auction 7087, 2014-02-20)",2026-09-07
Master Comics,10,9.8,Unknown,Unknown,Unknown,"ComicConnect Auction (Featured / Open, 2026-08-31)",2026-09-01
Master Comics,84,9.2,Unknown,White,$780.00,"Heritage Auctions Lot 11118 (Auction 122336, 2023-09-05)",2026-09-10
Mighty Mouse Comics,1,9.4,Unknown,Off-white,Unknown,"Heritage Auctions Lot 5189 (Auction 803, 2002-07-20)",2026-09-29
Military Comics,1,9.4,Unknown,White,"$27,600.00","Heritage Auctions Lot 2399 (Auction 818, 2005-10-15)",2026-09-24
Military Comics,7,9.6,Unknown,White,"$6,600.00","Heritage Auctions Lot 93206 (Auction 7384, 2024-11-24)",2026-09-21
Mister Mystery,5,9.2,Unknown,Off-white to white,3120,"Heritage Auctions Lot 82125 (Auction 40183, 2021-11-04)",2026-09-03
Modern Comics,50,9.8,Unknown,Off-white to white,Unknown,"Heritage Auctions Lot 91098 (Auction 7413, 2025-04-03)",2026-10-01
Modern Comics,55,9.6,Unknown,White,"$1,792.50","Heritage Auctions Lot 92203 (Auction 7187, 2018-05-12)",2026-08-24
More Fun Comics,44,9.4,Unknown,Off-white to white,Unknown,"Heritage Auctions Lot 7058 (Auction 811, 2004-06-12)",2026-09-01
More Fun Comics,50,9.4,Unknown,Off-white to white,15600,Heritage Auctions Lot 91077 (Auction 818),2026-09-24
More Fun Comics,53,9.6,Unknown,White,161000,"Heritage Auctions Lot 2011 (Auction 818, 2005-10-15)",2026-09-25
More Fun Comics,58,9.4,Unknown,Off-white to white,"$25,300.00",Heritage Auctions Lot 5279 (Auction 804) / Lot 92026 (Auction 816),2026-09-24
More Fun Comics,59,9.4,Unknown,Off-white to white,21850,Heritage Auctions Lot 2165 (Auction 818) / Lot 92027 (Auction 7017),2026-09-25
More Fun Comics,73,9.4,Unknown,White,"$38,837.50","Heritage Auctions Lot 91238 (Auction 7013, 2009-11-20)",2026-09-24
More Fun Comics,92,9.4,Unknown,White,"$3,450.00","Heritage Auctions Lot 4469 (Auction 817, 2005-08-13)",2026-08-29
Movie Comics,4,9.4,Unknown,White,$717.00,"Heritage Auctions Lot 91019 (Auction 7039, 2011-11-17)",2026-09-08
National Comics,62,9.4,Unknown,White,480,"Heritage Auctions Lot 11607 (Auction 121844, 2018-11-04) / Lot 93242 (Auction 7087, 2014-02-22)",2026-09-07
National Comics,8,9.0,Unknown,Off-white to white,4541,"Heritage Auctions Lot 91144 (Auction 7141, 2016-11-19)",2026-08-27
New Adventure Comics,17,9.4,Unknown,White,"$66,000.00","Heritage Auctions Lot 91154 (Auction 7394, 2024-10-26)",2026-09-29
New Adventure Comics,25,9.0,Unknown,Off-white to white,"$84,000.00","Heritage Auctions Lot 91156 (Auction 7394, 2024-10-26)",2026-09-29
New Adventure Comics,27,9.6,Unknown,White,"$168,000.00","Heritage Auctions (Auction 7394, 2024-10-26)",2026-09-18
New Adventure Comics,28,9.4,Unknown,Off-white to white,"$66,000.00","Heritage Auctions Lot 91158 (Auction 7394, 2024-10-26)",2026-09-29
New Comics,11,8.0,Unknown,Off-white to white,Unknown,"Heritage Auctions Lot 92100 (Auction 7467, 2026-07-11)",2026-09-15
New York World's Fair Comics,1939,5.5,Unknown,White,"$4,780.00","Heritage Auctions Lot 91246 (Auction 7013, 2009-11-20)",2026-08-29
Nickel Comics,3,9.2,Unknown,White,Unknown,"Heritage Auctions Lot 92207 (Auction 7469, 2026-09-26)",2026-09-16
Nightmare,1,9.0,Unknown,Off-white to white,Unknown,"Heritage Auctions Lot 92200 (Auction 7423, 2025-09-13)",2026-10-01
Nyoka the Jungle Girl,26,8.5,Unknown,White,"$1,680.00","Heritage Auctions Lot 17360 (Auction 122448, 2024-11-26)",2026-09-21
Operation Peril,10,6.5,Unknown,White,Unknown,"Heritage Auctions Lot 82137 (Auction 40381, 2026-08-27)",2026-09-11
Panhandle Pete and Jennifer,2,9.6,Unknown,Unknown,Unknown,Heritage Auctions Lot 16287 (Auction 16091),2026-09-27
Pep Comics,11,9.4,Unknown,White,"$31,070.00",Heritage Auctions Lot 94076 (2021-09-09),2026-08-22
Pep Comics,12,9.8,Unknown,White,"$33,600.00","Heritage Auctions Lot 94077 (Auction 7246, 2021-09-12)",2026-09-16
Pep Comics,14,9.4,Unknown,White,"$28,800.00","Heritage Auctions Lot 94079 (Auction 7246, 2021-09-12)",2026-09-02
Pep Comics,16,9.6,Unknown,White,"$40,630.00",Heritage Auctions (2016),2026-08-23
Pep Comics,17,9.6,Unknown,White,"$47,086.92",Heritage Auctions (2016),2026-08-23
Pep Comics,20,9.2,Unknown,White,"$90,000.00","Heritage Auctions Lot 94085 (Auction 7246, 2021-09-12)",2026-09-07
Pep Comics,3,9.4,Unknown,White,31070,"Heritage Auctions Lot 91153 (Auction 7141, 2016-11-19)",2026-09-13
Pep Comics,5,9.8,Unknown,White,"$33,600.00","Heritage Auctions Lot 94070 (Auction 7246, 2021-09-12)",2026-09-13
Pep Comics,50,8.0,Unknown,White,Unknown,"Heritage Auctions Lot 93047 (Auction 7177, 2018-02-22)",2026-10-01
Pep Comics,72,8.5,Unknown,White,"$1,080.00",Heritage Auctions Lot 11684 (Auction 121835),2026-09-26
Planet Comics,22,9.2,Unknown,Off-white,12000,"Heritage Auctions Lot 92010 (Auction 7279, 2022-09-11)",2026-09-17
Planet Comics,27,9.8,Unknown,White,"$20,400.00","Heritage Auctions Lot 91119 (Auction 7379, 2024-09-12)",2026-08-20
Police Comics,1,9.4,Unknown,White,38837.5,"Heritage Auctions Lot 91291 (Auction 7087, 2014-02-22)",2026-09-30
Police Comics,15,9.2,Unknown,White,"$2,640.00","Heritage Auctions Lot 94349 (Auction 7192, 2018-11-17)",2026-09-28
Police Comics,26,9.6,Unknown,Off-white to white,Unknown,"Heritage Auctions Lot 92230 (Auction 7469, 2026-09-24)",2026-09-24
Police Comics,30,9.4,Unknown,Off-white to white,2242.5,"Heritage Auctions Lot 7356 (Auction 803, 2002-07-07)",2026-10-01
Police Comics,54,9.6,Unknown,White,"$2,928.00","Heritage Auctions Lot 93153 (Auction 7461, 2026-02-28)",2026-09-28
Police Comics,66,9.2,Unknown,White,1440,"Heritage Auctions Lot 95268 (Auction 7374, 2024-06-23)",2026-09-30
Police Comics,78,9.0,42044006,White,$567.63,"Heritage Auctions Lot 93153 (Auction 7076, 2013-05-18)",2026-08-20
Police Comics,83,9.6,Unknown,Off-white to white,"$1,552.50","Heritage Auctions Lot 6446 (Auction 806, 2003-03-06)",2026-09-28
Popular Comics,102,9.4,Unknown,White,288,"Heritage Auctions Lot 17859 (Auction 121913, 2019-03-31)",2026-09-03
Popular Comics,116,9.0,Unknown,White,$192.00,"Heritage Auctions Lot 17863 (Auction 121913, 2019-03-31)",2026-09-20
Popular Comics,61,9.6,Unknown,Off-white,"$3,585.00","Heritage Auctions Lot 93162 (Auction 7136, 2015-05-30)",2026-09-06
Prize Comics,20,9.4,Unknown,Off-white,2530,Heritage Auctions Lot 7365 (Auction 824 Lot 42061),2026-08-21
Prize Comics,4,7.5,Unknown,White,"$1,314.50","Heritage Auctions Lot 51102 (Auction 752, 2006-09-09)",2026-08-19
Punch Comics,17,8.5,Unknown,Off-white to white,1020,"Heritage Auctions Lot 12529 (Auction 121823, 2018-06-10)",2026-09-09
Rangers Comics,50,9.6,Unknown,Off-white to white,$900.00,"Heritage Auctions Lot 96224 (Auction 7236, 2020-11-22)",2026-09-06
Real Fact Comics,11,8.5,Unknown,White,$264.00,"Heritage Auctions Lot 15296 (Auction 122503, 2025-01-21)",2026-09-20
Real Heroes Comics,1,9.4,Unknown,Off-white,"$3,107.00","Heritage Auctions Lot 94164 (Auction 7187, 2018-05-12)",2026-09-04
Red Rabbit Comics,7,9.0,Unknown,Off-white to white,360,Heritage Auctions Lot 17220 (Auction 122543),2026-09-27
Red Raven Comics,1,9.0,Unknown,White,"$74,687.50","Heritage Auctions Lot 91022 (Auction 7039, 2011-11-15)",2026-08-20
Red Ryder Comics,78,9.6,Unknown,Off-white to white,366,"Heritage Auctions Lot 17238 (Auction 122621, 2026-05-26)",2026-08-25
Red Ryder Comics,89,9.4,Unknown,Off-white to white,$720.00,"Heritage Auctions Lot 17166 (Auction 122321, 2023-05-23)",2026-09-19
Roy Rogers Comics,12,8.0,Unknown,White,$310.70,"Heritage Auctions Lot 14408 (Auction 121804, 2018-01-28)",2026-09-20
Sensation Comics,39,9.4,Unknown,White,Unknown,"Heritage Auctions Lot 13198 (Auction 122541, 2025-10-12)",2026-08-30
Sensation Comics,46,9.4,0083201007,White,"$6,400.00",MyComicShop Consignment / eBay,2026-09-26
Shadow Comics,V2#2,9.6,Unknown,White,4182.5,"Heritage Auctions Lot 91128 (Auction 7027, 2010-11-19)",2026-09-25
Silver Streak Comics,6,9.6,Unknown,White,228000,"Heritage Auctions Lot 91017 (Auction 7423, 2025-09-13)",2026-09-15
Single Series,8,9.6,Unknown,White,2880,"Heritage Auctions Lot 93188 (Auction 7413, 2025-04-06)",2026-09-13
Slam-Bang Comics,7,9.4,Unknown,Off-white to white,"$3,585.00","Heritage Auctions Lot 91381 (Auction 7039, 2011-11-17)",2026-09-10
Smash Comics,1,9.0,Unknown,White,Unknown,"Heritage Auctions Lot 43134 (Auction 821, 2006-08-11)",2026-09-30
Smash Comics,38,9.6,Unknown,White,5040,"Heritage Auctions Lot 92184 (Auction 7192, 2018-11-17)",2026-08-31
Smash Comics,42,9.4,Unknown,Off-white,"$2,760.00",Heritage Auctions Lot 95249 (Auction 7211) / Lot 91138,2026-09-14
Smash Comics,48,9.6,Unknown,Off-white to white,"$1,320.00","Heritage Auctions Lot 19663 (Auction 7204, 2019-02-21)",2026-09-28
Smash Comics,70,9.4,Unknown,Off-white to white,$717.00,Heritage Auctions Lot 51183 (Auction 122408 Lot 15234),2026-08-21
Soldiers of Fortune,6,9.6,Unknown,Off-white to white,Unknown,"Heritage Auctions Lot 82143 (Auction 40381, 2026-08-27)",2026-09-04
Soldiers of Fortune,8,5.0,Unknown,White,Unknown,"Heritage Auctions Lot 82144 (Auction 40381, 2026)",2026-09-24
Sparkler Comics,12,9.0,Unknown,White,Unknown,"Heritage Auctions (Auction 7469, 2026-09-24)",2026-09-24
Sparkler Comics,19,9.4,Unknown,Off-white,Unknown,"Heritage Auctions Lot 93256 (Auction 7087, 2014-02-22)",2026-09-30
Speed Comics,14,9.0,Unknown,Off-white,14640,"Heritage Auctions Lot 91071 (Auction 7467, 2026-07-11)",2026-09-16
Speed Comics,31,9.0,Unknown,White,31200,"Heritage Auctions Lot 92058 (Auction 7338, 2023-01-15)",2026-09-16
Star Spangled Comics,37,9.4,Unknown,White,Unknown,"Heritage Auctions Lot 11510 (Auction 121848, 2018-12-02)",2026-10-01
Star Spangled Comics,69,9.2,Unknown,White,"$4,880.00","Heritage Auctions Lot 93171 (Auction 7461, 2026-02-28)",2026-09-18
Star Spangled Comics,7,9.4,Unknown,White,18400,Heritage Auctions Lot 2190 / Lot 91160 (Auction 7423),2026-08-21
Startling Comics,40,9.4,Unknown,White,"$10,000.00",eBay / Bunkybrothers,2026-09-26
Strange Adventures,5,8.5,Unknown,White,840,"Heritage Auctions Lot 11389 (Auction 122031, 2020-08-03)",2026-09-03
Strange Confessions,4,5.5,Unknown,Off-white to white,240.2,"Heritage Auctions Lot 14325 (Auction 121134, 2011-08-21)",2026-09-08
Super Comics,27,9.6,Unknown,White,Unknown,"Heritage Auctions (Auction 7087, 2014-02-22)",2026-09-30
Superman,1,8.0,Unknown,Off-white to white,"$5,300,000.00",CGC News / Private Sale (2022-04-13),2026-09-22
Taffy Comics,1,9.0,Unknown,Off-white to white,"$1,440.00","Heritage Auctions Lot 15782 (Auction 121830, 2018-07-29)",2026-09-21
Target Comics,1,9.4,Unknown,Off-white to white,"$23,000.00","Heritage Auctions Lot 5301 (Auction 808, 2003-11-23)",2026-09-11
Target Comics,V2#3,9.2,Unknown,White,3360,"Heritage Auctions Lot 95323 (Auction 7374, 2024-06-23)",2026-08-27
Target Comics,V2#6,9.2,Unknown,Off-white to white,"$2,031.50","Heritage Auctions Lot 91321 (Auction 7087, 2014-02-22)",2026-09-03
Target Comics,V3#4,9.6,Unknown,Off-white,2151,"Heritage Auctions Lot 91322 (Auction 7087, 2014-02-22)",2026-08-27
Target Comics,V7#4,9.6,Unknown,White,$960.00,"Heritage Auctions Lot 15593 (Auction 122447, 2024-11-19)",2026-09-11
Target Comics,V8#7,9.4,Unknown,White,328.63,Heritage Auctions Lot 16278 / Lot 4043 (Auction 808),2026-09-14
Target Comics,V9#4,9.6,Unknown,White,4320,Heritage Auctions Lot 96145 (Auction 7234 2020-09-13),2026-08-28
Tarzan,5,9.6,Unknown,Off-white to white,"$5,040.00","Heritage Auctions Lot 13287 (Auction 122341, 2023-10-10)",2026-08-24
Teen Comics,26,9.2,Unknown,Unknown,Unknown,MySlabbedComics Pedigree Registry (pid=22),2026-09-27
The Durango Kid,12,8.0,Unknown,White,$264.00,"Heritage Auctions Lot 17328 (Auction 122152, 2021-12-27)",2026-09-20
The Face,1,8.5,Unknown,Off-white to white,Unknown,"Heritage Auctions Lot 94087 (Auction 7204, 2019-02-23)",2026-10-01
The Funnies,38,4.5,Unknown,Cream to off-white,Unknown,"Heritage Auctions Lot 19121 (Auction 122626, 2026-06-30)",2026-08-30
The Spirit,19,9.8,Unknown,White,"$6,273.75","Heritage Auctions Lot 91041 (Auction 7039, 2011-11-17)",2026-08-24
The Spirit,22,9.6,1009852002,White,"$25,095.00","Heritage Auctions Lot 91044 (Auction 7039, 2011-11-15)",2026-08-20
The Spirit,8,8.0,Unknown,White,$717.00,"Heritage Auctions Lot 91030 (Auction 7039, 2011-11-17)",2026-08-24
Thrilling Comics,41,9.2,Unknown,White,"$40,800.00","Heritage Auctions Lot 92085 (Auction 7234, 2020-09-13)",2026-09-17
Thrilling Comics,52,9.6,Unknown,Off-white to white,Unknown,"Heritage Auctions Lot 44152 (Auction 822, 2006-11-17)",2026-09-01
Top-Notch Comics,19,9.6,Unknown,Off-white to white,"$2,987.50","Heritage Auctions Lot 4542 (Auction 820, 2006-05-13)",2026-09-28
Top-Notch Comics,22,9.4,Unknown,White,"$2,684.00","Heritage Auctions Lot 93099 (Auction 7465, 2026-05-09)",2026-09-28
Top-Notch Comics,37,9.4,Unknown,White,"$1,800.00","Heritage Auctions Lot 96251 (Auction 7236, 2020-11-22)",2026-09-05
Top-Notch Comics,4,9.2,Unknown,White,"$5,377.50","Heritage Auctions Lot 91325 (Auction 7087, 2014-02-22)",2026-09-28
Top-Notch Comics,40,9.6,Unknown,White,"$2,031.50","Heritage Auctions Lot 93242 (Auction 7177, 2018-02-24)",2026-09-28
Top-Notch Comics,9,9.6,Unknown,White,"$21,850.00","Heritage Auctions Lot 2165 (Auction 818, 2005-10-15)",2026-09-24
Treasure Comics,2,9.8,Unknown,Off-white to white,"$1,015.75","Heritage Auctions Lot 92083 (Auction 7104, 2015-02-21)",2026-09-02
Vic Verity Magazine,1,9.4,0142442001,White,"$2,000.00",MyComicShop Consignment / Heritage Auctions,2026-09-26
War Comics,2,7.5,Unknown,Off-white to white,$478.00,"Heritage Auctions Lot 93066 (Auction 7039, 2011-11-17)",2026-09-21
Weird Comics,4,9.2,Unknown,Off-white,Unknown,Heritage Auctions Lot 6591 (Auction 806),2026-08-26
Whiz Comics,62,9.8,Unknown,Off-white to white,"$1,159.00","Heritage Auctions Lot 92327 (Auction 7469, 2026-09-24)",2026-09-29
Willie,5,9.6,Unknown,Unknown,Unknown,MySlabbedComics Pedigree Registry (pid=22),2026-09-27
Wings Comics,1,9.8,Unknown,Off-white to white,"$21,850.00","Heritage Auctions Lot 2511 (Auction 818, 2005-10-15)",2026-09-24
Wonder Woman,14,9.0,Unknown,White,"$5,040.00","Heritage Auctions Lot 92107 (Auction 7224, 2020-03-08)",2026-09-29
Wonderworld Comics,25,8.5,Unknown,Off-white to white,8540,"Heritage Auctions Lot 91095 (Auction 7461, 2026-02-28)",2026-09-18
Wow Comics,4,9.8,Unknown,Unknown,Unknown,"ComicConnect Auction (Featured / Open, 2026-08-31)",2026-09-01
Wow Comics,58,9.8,27081001,White,6400,MyComicShop Consignment / eBay,2026-09-24
Young King Cole,V3#4,9.4,Unknown,Off-white to white,Unknown,"Heritage Auctions Lot 89043 (Auction 7467, 2026-07-09)",2026-09-15
Young Love,2,9.6,Unknown,Off-white to white,"$1,586.00","Heritage Auctions Lot 82264 (Auction 40337, 2026-02-12)",2026-08-23
Zip Comics,20,9.8,Unknown,Off-white to white,"$20,400.00","Heritage Auctions Lot 92094 (Auction 7234, 2020-09-13)",2026-09-17
Zip Comics,32,9.4,Unknown,White,Unknown,"Heritage Auctions Lot 91408 (Auction 7099, 2014-11-22)",2026-09-28
Zip Comics,36,9.6,4709293003,White,"$7,930.00","Heritage Auctions Lot 91087 (Auction 7467, 2026-07-09)",2026-08-20
